sr_no,drug_name,strength,indication,date_of_approval
1,Eslicarbazepine Acetate Tablets 200mg/400mg/600mg/800mg,"Each uncoated tablet contains; eslicarbazepine acetate-200mg, 400mg, 600mg, 800mg",As an adjunctive therapy in adults with partial-onset seizures with or without secondary generalisation.,07.03.11
2,2-Sulphanilamide-5-methyl pyrimidine,0.5 g tablets,Sulpha drug,1970- January
4,Acetylcystein,,Antimycolytic enzyme.,1966- March
6,Azacitidine for injection 100 mg/vial,Each vial contains; azacitidine-100mg,For the treatment of adult patients with all subtypes of Myelodysplastic Syndrome.,29.04.14
7,Bromonaphthol,250 mg tabs,Anthelmintic-in hookwarm infection only.,1963- February
8,Cefprozil Powder for oral suspension (125mg/5ml),,Antibiotic.,06/01/2006
9,Cephradine,"i)-Each capsule contains; cephradine-250mg & 500mg, ii)-Each vial contains; Cephradine -250mg, 500mg &1gm, iii)-Each 5mL suspension contains; Cephradine-250mg","Antibiotic- indicated in the treatment of infection of G.I., genito-utrinary, respiratory tract and soft tissue.",1976-March
10,Ciprofloxacin eye drops/eye oitment,Ciprofloxacin-0.3% w/v,Indicated in the treatment of external ocular infection of the eye.,1991- February
12,Degarelix for Injection 80mg / 120mg per vial,"Each pack contains; 1. One vial containing; degarelix (as acetate) 80mg, 120mg 2. One solvent vial of water for injection 6ml 3.One syringe 4. One reconstitution needle & one injection needle.",For the treatment of adult patients with advanced hormone dependent prostate cancer.,19.01.12
13,Deoxyribonuclease,Vials of 250000 & 100000 units,An enzyme preparation obtained in a crystalline form from bovine pancrease indicated in the treatment of localised abscess in mammary infection.,1968- January
14,Dimethindene maleate,,Anti-histaminic,1965- January
16,Dobutamine hcl in 5% dextrose inj.,"Each 250ml contains; dobutamine hcl eq.to dobutamine-250mg, 500mg, 1000mg",RMP-Short treatment of adults with cardiac decompensation due to depressed contractility resulting either from organic heart disease or from cardiac surgical procedures.,05/01/2001
17,Domperidone SR tab,Each uncoated SR tab contains; domperidone BP-30mg,"For the treatment of chronic dyspepsia, gastro paresis, nausea & vomiting.",16-01-2003
22,Glimepiride,Each tablet contains; glimepiride 1mg/2mg/3mg/4mg,Adjunct to diet or exercise to lower the blood glucose in patients with non insulin dependent(type-II) diabetes mellitus whose hyperglycemia cannot be controlled by diet and single agent alone.,24/01/1999
23,Lofepramine tablet,"Each tablet contains; lofepramine-35mg,70mg",Tricyclic anti depressants- Indicated in the treatment of depressive condition only.,1990- January
24,Lurasidone Hydrochloride Tablet 40mg/80mh & Bulk,"Each film coated tablet contains; Lurasidone Hydrochloride 40mg, 80mh",For the treatment of patients with Schizophrenia.,04.01.17
25,Metaraminol bitartarate,"2-10mg im/sc, 0.5-5mg iv",Sympathomimetic (adrenergic) urgent vasopressor.,1964- January
26,Nimesulide tablets,"i)-Each tablet contains; nimesulide-100mg, ii)-Each 5ml suspension contains; nimesulide-50mg(17-5-96), iii)-Nimesulide transdermal gel-1% (7-6-96), iv)-Suppositories-50mg, 100mg (17-5-99)","Inflammatory condition including joint disorders such as rheumatoid arthritis, post traumatic and post operative painful condition and fever.",13/01/1995
27,Nintedanib soft Gelatin Capsule 100/150mg,"Each soft gelatin capsule contains; nintedanib ethanesulfonate eq.to nintedanib-100mg, 150mg",For the treatment of Idiopathic Pulmonary Fibrosis (IPF).,11.03.16
28,Nitroglycerin oitnment,,Anti-anginal drug- Indicated in treatment of angina pectoris due to coronary artery disease.,1982-january
29,Norfloxacin powder 10%,Each gm contains; norfloxacin USP-100mg,Wide variety of infections caused by susceptible gram +ve and gram -ve organism including mixed infection in poultry.,12/03/1997
30,Oxiconazole nitrate,Oxiconazole nitrate-1% w/v,For topical treatment of superficial fungal infections of the skin,17-01-2000
31,Pidotimod Tablet 400 mg/800 mg & Oral Solution 400 mg/800 mg per 7ml,,For infections of the respiratory system in secondary and primary immunodeficiency with alteration in maturation of T cells in adults only.,11.02.11
33,Prothipendyl hydrochloride,40-120 mg/day,Psycho sedative & Tranquiliser-relaxes the autonomas system.,1962- January
34,Rivaroxaban Tablet,Each film coated tablet contains; rivaroxaban-10mg,For the prevention of venous thromboembolism (VTE) in adult patients undergoing elective hip or knee replacement surgery.,03.02.10
35,R-Ondansetron (As Hcl. Dihydrate) (1mg/ml) injection,,Chemotherapy induced nausea & vomiting.,12.01.07
36,Ruxolitinib Tablet 5mg/15mg/20mg,"Each tablet contains; ruxolitinib-5mg, 15mg, 20mg","For the treatment of patients with myelofibrosis including primary myelofibrosis, post-polycythemia vera myelofibrosis or post-essential thrombocythemia myelofibrosis.",28.01.13
37,Selamectin Tropical solution (for verterinary use) 60mg/120mg per ml,"salamectin-60mg, 120mg","(I) For the treatement and lasting prevention of flea infestations,treatment and control of flea allergy dermatitis, prevention of heartworm disease,treatement and prevention of ear mites in dogs and cats. (II) For the treatement and prevention of sarcopt",14.01.09
38,Sofosbuvir Tablet 400mg,Each film coated tablet contains; sofosbuvir-400mg,In combination with other medicinal products for the treatment of chronic hepatitis C (CHC) in adults.,13.01.15
39,Tolfenamic acid cap,Cap. 200mg,Additional indication of migraine,07/01/2002
40,Tolnaftate,1% sol. In bottle of 10 cc,Treatment of dermatomycosis.,1969- January
41,Tramadol hydrochloride injection,"Each capsule contains; tramadol-50mg,100mg, Each 1ml ampoule contains; tramadol hcl-50mg, Each 2ml ampoule contains; tramadol hcl-100mg","Analgesic- Severe acute and chronic pain, diagnostic measures and surgical pain.",27/01/1993
42,Tramadol SR,,Moderate to severe pain.,27/01/1998
44,Tripotassium dicitrato bismuthate chewable tablets/suspension,"Chewable tablet-each contains; 120mg of tripotassium dicitrato bismuthate calculated as bismuth, Suspension-each 5ml contains; 120mg as TDB calculated as bismuth.",Anti ulcer- Indicated in the treatment of gastric & duodenal ulcers.,1989-January
47,Aripiprazole tablets,Each uncoated tablet contains; aripiprazole-5mg,Psychiatrist only- for the treatment of schizophrenia.,23/02/2004
48,Armodafinil uncoated tablet ..50/150/250mg,"Each uncoated tablet contains; armodafinil-50mg, 150mg, 250mg","To improve wakefulness in patients with excessive sleepiness associated with treated obstructive sleep apnea (OSA), shift work sleep disorder (SWD) or narcolepsy.",23.04.10
49,Bimatoprost Opthalmic solution 0.03%,,"For the treatment of hypotrichosis of the eyelashes by increasing their growth including length, thickness and darkness.",30.03.09
50,Bismuth aluminate,,New bismuth salt (antacid).,1962- April
51,Brinzolamide Ophthalmic Suspension 1%w/v,Each ml contains; brinzolamide-10mg,For the treatment of elevated intraocular pressure in patients with ocular hypertension or open-angle glaucoma.,26.05.11
52,"Canagliflozin, 100 & 300 mg Tablet","Each film coated tablet contains; canagliflozin-100mg, 300mg",‚??Indicated as an adjunct to diet and exercise to improve glycemic control in adults with Type-2 Diabetic Mellitus‚?ù.,17.11.14
53,Ceftriaxone sodium injection,"Each vial contains; ceftriaxone sodium eq.to 250mg,500mg,1gm of ceftriaxone base.","Cephalosporin antibiotic- Indicated in the treatment of UTI, lower respiratory tract infections, bacteraemia, septicaemia, meningitis, abdominal infections and infections caused by pseudomonas species.",1988-April
55,Bleomycin,,Anticancer,1973-December
56,Clenbuterol Hydrochloride Solution for injection 30mcg/ml,,For the treatment of equine respiratory diseases in horses where airway obstruction due to bronchospasm and/or accumulation of mucus is contributing factor and improved muco-ciliary clearance is desirable. The product should be used alone or as an adjuvan,01.07.2012
57,Clozapine tablets,"Each uncoated tablet contains; clozapine-25mg, 100mg.",Indicated in the management of schzophrenic patients.,07/03/1995
59,Desloratadine tabs.,Each tablets 5mg desloratadine,For additional indication; chronic idiopathic urticaria,14-01-2002
62,Etomidate injection,Each ml contains; etomidate-2mg,Anaesthetic agent- induction of general anaesthesia and for maintenance of short duration anaesthesia for surgical procedures.,1985-August
63,Gonadorelin (6-D-Phe) 0.05mg/ml solution for injection (Veterinary),Each ml contains; 0.05mg gonadorelin (6-D-Phe) eq.to 0.0524mg gonadorelin (6-D-Phe) acetae.,Control and induction prodecude in cattle and pig reproduction. Therapy of ovarian infertility disorders or dysfunctions of the reproductive organs in cattle and horses.,15.06.16
64,Gugulipid,,Lipid lowering agent,1986-June
66,Mebhydroline Napadisylate,50mg tabs,Antihistaminic,1964- February
67,Mepartricin tablet,Each enteric coated tablet contains; mepatricin-50000units,Functional disorders in benign prostatic hypertrophy.,28/05/1993
70,Nalbuphine injection 10mg/20mg per ml.,"Eacl ml contains; nalbuphine HCl-10mg, 20mg",For the relief of moderate to severe pain.,08.02.07
72,Orciprenaline sulphate,,Sympathomimetic,1965- April
73,Pefloxacin mesylate dihydrate,"i)-Each film coated tablet contains; pefloxacin methane sulphonate dihydrate eq.to-400mg pefloxacin, ii)-Each 5ml ampoule contains (injection i.v); pefloxacin methane sulphonate dihydrate eq.to-400mg pefloxacin, iii)-Each 100ml/200ml bottle contains (i.v)",Antibacterial- In the treatment of severe infection in adults caused by sensitive microorganism (gram -ve pathogens and staphylococci).,1991- May
74,Pegaptinib Sodium Injection (0.3mg),,For neovascular (wet) age related macular degeneration.,06/02/2006
75,Piroxicam gel,Piroxicam gel-0.5%,In the treament of musculo-skeletal inflammatory disorders.,1990- March
76,Pyridoxine hcl CR tablet,Each C.R tablet contains; pyridoxine hcl-100mg.,Deficiency of vit.B6 caused by usage of oral contraceptive pill/drug induced pyridoxine deficiency.,07/05/1992
77,Resperidone tabs,"i)-Each film coated tablet contains; resperidone-1mg,2mg,3mg,4mg ii)-resperidone liquid-each ml contains;resperidone-1mg (14.5.97)",Acute and chronic schizophrenic psychosis and other psychotic conditions in which +ve symptoms and -ve symptoms are prominent.,03/04/1997
78,Sodium and maglumine iothalamate,"Meglumine iothalamate 52% w/v, sodium iothalamate 26% w/w",Contrast medium,1969- July
80,Spiranolactone,"100 mg, 4 times a day.","Promotes diuresis in patients with oedema or ascites, resistant or patly resistant to convetional diuretics.",1961- March
82,Trifluperidol Hcl,"Oral liquid-Each 5mL contains; Trifluperidol Hcl-5mg, Injection-Each ml contains; trifluperidol hcl-1mg, Tablet-0.25mg, 0.5mg",Neuroleptic agent.,1973-May
83,Vilazodone HCl 20 mg 40 mg Tablet,"Each film coated tablet contains; vilazodone hydrochloride-20mg, 40mg",For the treatment of major depressive disorders in adults.,19.08.15
84,Ceftiofur hcl liquid sterile suspension,Each ml suspension contains; ceftiofur hcl eq.to ceftiofur-50mg,For treatment & control of swine & bovine bacterial respiratory diseases.,08/10/2002
85,Duloxetine hcl enteric coated tablets,"Each enteric coated tablet contains; duloxetine hcl eq.to duloxetine-20mg,30mg,40mg, 40mg capsule should be used only for once daily dosing.",By psychiatrists- for the treatment of major depressive disorders in adults only.,02/11/2004
86,Phenylbutazone calcium,200mg & 50 mg tabs,"Anti-inflammatory, anti-rheumatic.",1963- May
87,Esomeprazole magnesium bulk & tab,"Each enteric coated tablet contains; esomeprazole magnesium eq.to esomeprazole-20mg,40mg","GERD, erosive reflux esophagitis, prevention of relapse of esophagitis & helps in eradication of H.Pylori associated peptic ulcer.",04/12/2001
88,Imatinib mesylate 100 mg/400mg Tablets and 100mg Capsules (Additional Indication),,1. For the Treatment of Adult Patients with newly Diagnosed Philadelphia Chromosome Positive Acute Lymphoblastic Leukaemia(Ph+ALL) integrated with chemotherapy 2. Treatment of Adult patients with relapsed or refractory Ph+ALL as monotherapy 3. Treatment o,11.08.11
89,Lactitol Sachet (10gm/20gm),"Each sachet contains; lactitol monohydrate eq.to lactitol-10gm, 20gm",For the treatment of constipation.,21/11/2005
90,Mebeverine HCl prolonged release capsule (200mg),Each SR capsule contains; mebeverine hydrochloride-200mg,For the symptomatic treatment of irritable bowel syndrome in adults.,20.06.07
91,Lithium carbonate,,In manic depression.,1969- August
92,Pantoprazole Mouth Dissolving Tablet 20/40 mg,,"For the treatment of gastric ulcer, duodenal ulcer & gastroesophageal reflux disease (GERD).",30.03.10
93,Aspirin Bolus (Vet.) 6gm/bolus),,For Veterinary use.,21/11/2005
94,"Cilnidipine Tabs. 5mg, 10mg","Each tablet contains; cilnidipine-5mg, 10mg",For the treatment of mild to moderate hypertension.,21.06.2007
95,Deflazocort tablets,"Each tablet contains; deflazocort-1mg,6mg,30mg","By specialists only- for the treatment of asthma, rheumatoid arthritis when glucocorticosteroid therapy is warranted.",02/11/2004
96,Dexketoprofen (as Trometamol) tablets 12.5mg/25mg,,"For the treatment of mild to moderate pain, such as dental pain, dysmenorrhoea & musculoskeletal pain.",28.03.08
97,Fosphenytoin sod. Inj.,Each 2ml & 10ml vial contains; fosphenytoin sod. 75mg/ml eq.to phenytoin sod. 50mg/ml,"Generalized convulsive status epilepticus, prevention & treatment of seizures occurring during neurosurgery & head injury when other means of phenytoin administration are unavailable, inappropriate or less advantageous.",01/10/2002
98,Pravastatin 40mg tablet (Additional strength),Each tab contains; Pravastatin sod. phEur. 40mg,"As an adjunct to diet to reduce elevated total cholesterol, LDL-C, Apo-B TG levels and to increase HDL-C in patients with primary hypercholesterolaemia and mixed dyslipidaemia.",09/08/2006
99,Rifaximin Tablet 550 mg (Additional strength and Additional Indication),,For Reduction in Risk of Overt Hepatic Encephalopathy (HE) Recurrence in Patients ‚?• 18 years of Age.,18.08.11
100,Ropinirole hcl bulk & tab,"Each film coated tablet contains; ropinirole hcl eq.to ropinirole-0.25mg, 0.5mg, 1mg, 2mg, 5mg",Monotherapy or as an adjunct to levodopa in idiopathic parkinsons' disease.,03/12/2001
101,Dexamethasone tablets,"Each uncoated tablet contains; dexamethasone IP-4mg,8mg",Oncologists only- for steroid responsive neoplastic disease like leukemias and lymphomas in adults only.,02/11/2004
102,Hyaluronic Acid Sodium Salt (i) Each 15gm tube contains: Hyaluronic Acid Sodium Salt 0.2gm/100gm (ii) Sterile Gauze Pads impregnated with cream: Each gauze pad containsHyaluronic Acid Sodium Salt 50/100mg,,For the treatment of wound of different etiology.,31.03.09
103,Nepafenac Opthalmic suspension (1mg/ml),,For the treatment of pain and inflammation associated with cataract surgery.,31.03.08
104,Olanzapine powder For oral suspension (10mg/5ml) & sachet (5mg/gm),"i) Each 5ml of recon.suspension contains; olanzapine-10mg, ii) Each sachet contains; olanzapine-5mg/gm",For the treatment of schizophrenia in adult patients having difficulty in swallowing.,11/08/2006
105,Tolperisone Hcl SR 450mg Tablets,,For the relief of painful muscle spasms of the skeletal muscualture.,30.03.10
106,Abatacept Injection 250mg/vial (additional indication),,For reducing signs and symptoms of moderately to severly active polyarticular juvenile idiopathic arthritis/juvenile rheumatoid arthritis in pediatric patients 6 years of age and older who have had an inadequate response to one or more DMARD's such as MTX,10.04.09
107,Hylan GF 20 Injection (Synvisc) (Additional Indication),,"For pain management in patients suffering with osteoarthritis of the knee, hip, shoulder and ankle.",31.03.08
108,Metaxolone tab & bulk,Each tab contains; metaxolone-400mg,"As an adjunct to rest, physical therapy & other measures for the relief of discomforts associated with acute, painful musculoskeletal conditions.",08/10/2002
109,Methylphenidate Hcl E.R Tablet,"Each extended release contains; methylphenidate Hcl USP-18mg, 36mg, 54mg.",By psychiatrists-for the treatment of attention deficit hyperactivity disorders (ADHD),08/12/2004
110,Acotiamide Hydrochloride Bulk & Tablet 100mg,Each film coated tablet contains; acotiamide hydrochloride hydrate-100mg,"For the treatment of bloating after meals, epigastric bloating and early satiety in functional dyspepsia.",06.07.16
111,Pholcodine Syrup (4mg/5ml),Each 5ml contains; pholcodine-4mg,"For symptomatic relief of dry, ticklish and unproductive coughs in children above 1 years.",10.07.07
112,Atomoxetine hcl capsules,"Each hard gelatin capsule contains; atomoxetine hcl eq.to atomoxetine-10mg,18mg,25mg,40mg.",By psychiatrist- for the treatment of attention deficit hyperactivity disorders. -Patients requiring long term therapy should be monitored & consideration should be given to interrupting therapy in patients who are not growing or gaining weight satisfacto,09/11/2004
114,Docetaxel injection conc.,,"For additional indication ""advanced gastric adenocarcinoma, locally advanced squamous cell carcinoma of head & neck, Harmone refraetory metastatic prostrate cancer, locally advanced or metastatic breast cancer"".",31.03.08
115,Exenatide Injection -pre-filled pen (250mcg/ml),Each pre-filled pen contains; exenatide-250mcg/ml,"For adjunctive therapy to improve glycemic control in patients with Type-II diabetes mellitus, who have not achieved adequate glycemic control with Metformin, a sulfonyl urea or a combination of metformin and sulfonylurea.",09.07.07
116,Trimetazidine modified release tablet,Each modified release film coated tablet contains; trimetazidine Di Hcl-35mg,"Ischaemic heart disease, angina pectoris, sequalaes of infarction.",03/12/2001
117,Lamotrigine 25mg Modified Release Tablet (Addl. Strength),,Same as Approved,05.04.10
118,Methotrexate Topical gel (1%) Addl.Strength,,Psoriasis.,25/11/2005
119,Zafirlukast tab & bulk,"Each film coated tablet contains; zafirlukast-10mg,20mg.",For prophylaxis & treatment of chronic asthma in adults & children over 5 year of age.,03/12/2001
120,Imatinib Mesylate 100/400mg Tablets (Addl. Indication),,Adjuvant treatment of adult patients following resection of gastrointestinal stromal tumours (GIST).,05.04.10
121,Meglumine gadoterate soln.for i.v inj,"Each 100ml contains; gadoteric acid-27.932gm, meglumine-9.76gm",Magnetic imaging diagnostic investigation including MR angiography.,23-10-2002
122,Metoprolol succinate ER tablets,"Metoprolol succinate-25mg,50mg,100mg,200mg","Additional indication; i)-functional heart disorders, ii)-migraine prophylaxis, iii)-cardiac arrhythmias, iv)-prevention of cardiac death and reinfarction after the acute phase of myocardial infarction v)-stable symptomatic CHF",29/11/2004
123,Premetrexed(Disodium) powder For solution For Inj. 500mg/vial,,Anti Cancer.,21/08/2006
124,Acamprosate calcium tabs/bulk,Each enteric coated tab contains; acamprosate calcium-333mg,As therapy to maintain abstinence unalcohol dependent patients. It should be combined with counselling.,30-10-2002
125,Azithromycin SR Granules for Oral Suspension 1gm (Addl. Strength),,Same as Approved,05.04.10
126,Milnacipran 25/50mg Caps (Addl. Indication),,For the management of fibromylagia.,15.04.09
127,Nicardipine Hcl. Injection 2.5mg/ml,Each ml contains; nicardipine Hcl-2.5mg,For short-term treatment of hypertension when oral therapy is not feasible or not desirable.,07.04.08
128,Testosterone transdermal Spray (25mg),Each spray delivers; testosterone-25mg,For replacement therapy in males for conditions with a deficiency or absence of endogenous testosterone.,30/11/2005
129,Valsartan bulk & cap.,"Each capsule contains; valsartan-80mg, 160mg",Mild to moderate hypertension,10/12/2001
130,Cefepime hcl for inj/bulk,"Each vial contains; cefepime (as hcl)-500mg,1gm,2gm","Uncomplicated and complicated UTI, umcomplicated skin and skin structure infection, lower respiratory tract infection, acute bacterial exacerbation of chronic bronchitis and acute bronchitis intra abdominal infection.",30-10-2002
131,Gemfibrozil Capsule USP & Gemfibrozil Tablet USP 200mg/600mg (Addl. Indication),,For the treatment of other dyslipidemias: (a) Fredrickson Types III and V.(b) Associated with diabetes.(C) Associated with xanthomata.,05.04.10
132,Lornoxicam SR 16mg Tabs,,For the symptomatic treatment of pain and inflammation in patients of osteoarthritis & rheumatoid arthritis.,25.04.09
133,Moxifloxacin tab.,,Additional indication of skin & soft tissue infection & pelvic inflammatory disease.,27/12/2001
134,Omeprazole Powder for suspension (20mg/Sachet),,Anti-ulcer,30/11/2005
135,Tiropramide Hcl (100mg) tablet,,"For abdominal spasmodic pain, colics of hepatobilliary track, abdominal colics.",22/08/2006
136,Ursodeoxycholic acid SR capsules,Each SR cap contains; ursodeoxycholic acid-450mg,"By RMP- for the dissolution of radiolucent cholesterol gallstone, chronic cholestatic liver diseases in particular primary biliary cirrhosis, primary sclerosing cholangitis & cholestasis associated with cystic fibrosis.",01/12/2004
137,Doxazosin (as Mesylate) 4mg/8mg E.R. Tablet,,For hypertension.,30/11/2005
138,Eperisone Hcl (50mg ) tablet,,For neck-shoulder ormsyndrome scapula hum oral per arthritis and low back pain.,23/08/2006
139,Leuprolide acetate (3 months) depot,11.25mg/vial injection,"For additional indication; ""advanced prostatic cancer"", subject to all condition of MF 1447/04 dated 26-05-2004. 3 months depot, 11.25mg/vial, injection.",03/12/2003
140,Palonosetron Hcl 0.075mg IV Inj (Addl. Strength),,Same as approved.,25.04.09
141,Tegaserod maleate tabs,"Each uncoated tab contains; tegaserod maleate eq.to tegaserod-6mg,2mg (appr.on 3-2-03)",For the treatment of constipation predominant irritable bowel syndrome (IBS) in adults.,01/11/2002
142,Topiramate sprinkle capsule,Each capsule contains; topiramate-15mg,Additional strength.,24/12/2001
143,"Afatinib Tablet 20, 30, 40 mg","Each film coated tablet contains; afatinib-20mg, 30mg, 40mg, 50mg (free base) corresponding to afatinib dimaleate 29.56mg, 44.34mg, 59.12mg, 73.9mg",For ‚??treatment of locally advanced or metastatic non-small cell lung cancer (NSCLC) with Epidermal Growth Factor Receptor (EGFR) mutation‚?ù,30.12.14
144,Apixaban Tablets 2.5mg,Each film coated tablet contains; apixaban-2.5mg,Prevention of venous thromboembolic events (VTE) in adult patients who have undergone elective hip or knee replacement surgery.,03.08.2012
145,Besifloxacin Ophthalmic Suspension 0.6% w/v,Each ml contains; besifloxacin-6mg,For the treatment of bacterial conjunctivitis.,31.05.11
146,Carboplatin bulk/injection,"Each vial contains; carboplatin-50mg,150mg, Mannitol IP-50mg,150mg.","Anti cancer- Advance stage of ovarian cancer, small cell carcinoma of lungs.",1989-March
147,Cephacetrile sodium intra mammary infusion,Each tube contains; cephacetrile sod.eq.to 235 mg of cephacetrile in 10gm of suspension.,"Mastitis caused by streptococcus agalactial, str.dysgalactial, str. Uberis, str. Aureus (both penicillin-sensitive and resistant strain) gram negative bacterial including E.coli and klebsiella.",13/05/1992
148,Choline salicylate,,Analgesic,1965- April
149,Ciclesonide Inhaler 80/160mcg per actuation,"Each actuation delivers; ciclesonide-80mcg, 160mcg",For the treatment to control persistent asthma in adults (18 yeras & older).,06/02/2006
150,Cinnarizine tablets,"Each tablet contains; cinnarizine-25mg,15mg and others",Anti histaminic- in the treatment of vestibular disturbances & vertigo only.,1985-August
152,Etidronate disodium tabs,Each tablet contains; etidronate disodium-200mg,Hypercalcemia induced by various malignant disorders.,10/03/1995
153,Etodolac caps/tabs,"Each tab contains; etodolac BP-200mg,400mg, Each cap contains; etodolac-300mg","Inflammation and painful conditions in osteoarthritis, acute attacks of gout and pseudogout, pain following dental extraction, post operative and post episiotomy pain dysmenorrhoea acute musculoskeletal pain.",10/04/1997
154,Fluoxetine hydrochloride,"Each capsule contains; fluoxetine hcl-20mg (60mg cap-Intas), fluoxetine hcl syrup-20mg/5ml",For the treatment of depression.,1990- March
155,Formoterol fumarate,"i)-Each cap contains; formoterol fumerate-12mcg, ii)-Each actuation delivers formoterol fumerate-12mcg (29-6-2001)",For bronchial asthma.,16-02-2000
156,Gemigliptin 50 mg tablet,Each film coated tablet contains; gemigliptin tartrate sesquihydrate (eq.to gemigliptin 50mg)-68.9mg,"As an adjunct to the diet & exercise to improve to improve glycemic control in adults with type-2 diabetes mellitus, as an monotherapy or in combination with metformin in patients with inadequate glycemic control on metformin alone.",21.08.15
157,Hexadimethrine bromide,1.33mg for 100USP units of Heparin,Heparin antagonist.,1962- April
159,Indacaterol (as Maleate) Inhalation Powder Hard Capsules ‚?¶.. ...150/300mcg,"Each capsule contains; indacaterol maleate eq.to indacaterol-150mcg, 300mcg",For maintenance bronchodilator treatment of airflow obstruction in adult patients with chronic obstructive pulmonary disease (COPD).,28.04.10
160,Indinavir sulphate,"Each capsule contains; indinavir (as sulphate)-200mg, 400mg",By RMP- indicated in treatment of HIV infection in adults only in combination with anti-retroviral agents.,02/02/2001
161,Ketoprofen,50mg,"Non steroidal anti- inflammatory agent- Indicated in the treatment rheumatoid arthritis, Osteroarthritis, ankylosing spondylites, gout.",1981-April
162,Levobunolol hydrochloride ophthalmic solution,"Each ml contains; levobunolol hcl USP-2.5mg,5.0mg.",For the control of intra-ocular pressure in chronic open angle glaucoma and ocular hypertension.,16/05/1996
163,Levonorgestrel 1.5mg tablets,,For emergency contraceptive,07.02.07
164,Luprostiol,Each vial contains; Luprostiol-7.5mg,"Prostaglandin- Indicated in the treatment of corpora lutea, induction of abortion etc.",1986-June
165,Minoxidil topical lotion,Each ml contains; minoxidil-20mg,Alopecia- Indicated in the treatment of male pattern baldness.,1988-May
166,Nabumetone,"Nabumetone-500mg, 750mg",Osteoarthritis & rheumatoid arthritis,17-05-1999
167,Nicoumalone Tablets 0.5mg/5mg/6mg,,"For the prevention and treatment of thromboembolic diseases such as venous thrombosis, atrial fibrillation with embolization, pulmonary embolism and as an adjunct in the treatment of coronary occulsion.",18.01.13
168,Ofloxacin infusion,"Each 50ml vial contains; ofloxacin-100mg, Each 100ml vial contains; ofloxacin-200mg","Indicated in RTI, UTI, gynaecological infection, skin/soft lesion infection.",1991- May
169,Oxcarbazepine tab,"150mg,300mg,600mg",For additional indication of adjunctive therapy in the treatment of partial seizures in children in the age group of 4-14 years with epilepsy.,14-01-2002
170,Oxethazine Hcl.,5ml gel,"An antacid demulcent mucosal anesthetic indicated in the treatment of chronic oesophagitis, gastritis, peptic ulcer, irritable bowel syndrome.",1967- June
172,Phenprobamate,400 mg,Muscle relaxant & tranquiliser.,1964- March
173,Sertraline hcl,"Each film coated tablet contains; sertraline hcl eq.to sertraline-50mg,100mg","By psychiatrist only- for the treatment of i)-pre menstrual dysphoric depression, ii)-social anxiety disorders.",23/02/2004
174,Terconazole vaginal ovule/vaginal cream,"i)-Each ovule contains; terconazole-80mg, ii)-Terconazole vaginal cream contains; terconazole-0.8%",For the local treatment of vulvovaginal candidiasis (moniliasis),19/07/1994
175,Paracetamol Bilayer Tablet 1000mg Each uncoated Bilayer Tablet Contains:- Paracetamol IP (As immediate Release) 325 mg Paracetamol IP (As Extended Release) 675 mg,,For symptomatic treatment of pain and fever.,11.04.12
176,Trabectedin powder for concentrate for solution for infusion,Each vial contains; trabectedin-0.25mg,"For the treatment of patients with advanced soft tissue sarcoma, after failure of anthracyclines and ifosfamide, or who are unsuited to recieve these agents.",01.04.09
177,Tretinoin,"Airal vanishing cream-Each 20gm contains; Tretinoin-0.05%, Airal lotion- Each 50mL contains; Tritinoin- 0.05%",Topical acne therapy- For the treatment of Acne vulgaris.,1974-July
178,Triethanalamine trinitrate bisphosphate,8mg to 16mg daily,Treatment of Angina pectoris. It is a vasodilator like glyceryl trinitrate.,1961- March
179,Trimetazidine Dihydrochloride,Each tablet contains; Trimetazidine Dihydrochloride-3mg,"Cardiac drug, indicated in the treatment of angina pectoris and intermittant Claudication",1980-June
180,Trimipramine,"10mg & 25mg tabs, injection-12.5mg/2ml","Depressive illness, severe potentially suicidal depression, neurotic and reactive depression.",1968- September
181,Trofosfamide,Each tablet contains; Trofosfamide-50mg,To cancer hospitals or institution and against prescription of cancer specialists,1976-August
183,Capecitabin Tablet (150mg/500mg). (for additional indication),,(i). First line treatment of advanced gastric cancer in combination with platinum based regimen.(ii). Treatment of patients with locally advanced or metastatic breast cancer in combination with docetaxel following failure of cytotoxic chemotherapy.,16/07/2007
184,Caroverine cap. 20mg & Inj. 40mg/2ml,"i) Each capsule contains; caroverine-20mg, ii)Each 2ml injection contains; caroverine-40mg",For the treatment of abdominal pain & tinnitus in adults only.,28/08/2006
185,Feracrylum solution 1% w/v,Each ampoule contains; feracrylum solution 1% w/v.,External haemostatic agent.,21/05/1992
186,Fentanyl citrate transmucosal tab,"Each tab contains; fentanyl citrate eq.to fentanyl-200mcg,400mcg,600mcg",New delivery system-management of break through cancer pain in patients with malignancies who are already receiving & who are tolerant to opoid therapy for this underlying persisten cancer pain.,29-10-2002
187,Hylan GF 20 injection,Each ml contains; hylans-8mg,Treatment of pain in osteoarthritis of knee in patients who have failed to respond adequately to conservative non-pharmacological therapy & to simple analgesics.,20/12/2001
188,Rabeprazole sodium Enteric coated pellets 15.4% w/w (20mg/129.83mg),,Same as Approved.,16.04.08
189,Zoldronic acid injection,,"Additional indication; 4mg/vial inj. ""in prevention of skeletal related events, pathological fractures, spinal compression, radiation or surgery to bone or tumour induced hypocalcaemia in patients with advanced malignancies involving bones"", in ref.to ear",29/11/2004
190,Dosulepin Hcl Tablet 25mg/75mg (Additional Indication),,For the treatment of chronic pain.,08.04.10
191,Leflunomide (10mg/20mg/100mg),"10mg,20mg,100mg","For additional indication; ""active psoriatic arthritis in adults only"" subject to all condition of 4-136/04 dt. 30-08-2004.",29/11/2004
192,Live freeze-dried lactic acid bacteria and bifidobacteria capsules,,For the treatment of irritable bowel syndrome.,10.04.08
193,Nitrous oxide as pre mixed gases,Homogenous gas containing 50% nitrous oxide by volume & 50% oxygen by volume compressed in a cylinder.,For relief of pain usually in emergency situation & several in vasive procedure.,20/12/2001
194,Paclitaxel nanoparticle Inj. (20mg/ml),,For metastatic breast cancer.,23/08/2006
195,Rifabutin Capsule (150mg),Each capsule contains; rifabutin USP-150mg,For treatment of pulmonary T.B only in patients co-infected with HIV. (It should never be used as a substitute to Rifampicin in T.B patients without HIV co-infection).,19/07/2007
196,Docetaxel injection (80mg/2ml),80mg/2ml,For additional indication; docetaxel in combination with doxorubicin & cyclophophamide as adjuvant therapy in treatment of patients with operable node positive breast cancer. Subject to all conditions of 12-6/95 dt. 21-06-96.,2004
197,Lapatinib (as Ditosylate) (250mg) Tablet,Each film coated tablet contains; lapatinib ditosylate eq.to lapatinib-250mg,"Lapatinib In combination with capecitabine, is indicated for the treatment of patients with advanced or metastatic breast cancer whose tumour overexpress HER2+/neu and who have received prior therapy including trastuzumab.",24/07/2007
198,Miltefosin Capsule 10mg/50mg (Additional Indication),,Treatment of cutaneous leishmaniasis.,16.04.08
199,Phenylephrine 2.5% Eye drops,,Ophthalmic,02/12/2005
200,Rabeprazole sodium,"Each enteric coated tablet contains; rabeprazole sodium-10mg,20mg","Gastroesophageal reflux disease, deodenal ulcer & zollinger ellision syndrome.",27/12/2001
